dataset,feature_x,feature_y,feature_x_value,feature_y_value,prediction,pdp_n
Daily bike rentals,temp,hum,0.0591304,0,3408.0082845378984,50
Daily bike rentals,temp,hum,0.0591304,0.04052083333333333,3408.0082845378984,50
Daily bike rentals,temp,hum,0.0591304,0.08104166666666666,3408.0082845378984,50
Daily bike rentals,temp,hum,0.0591304,0.12156249999999999,3409.352183871232,50
Daily bike rentals,temp,hum,0.0591304,0.16208333333333333,3413.2650005378987,50
Daily bike rentals,temp,hum,0.0591304,0.20260416666666667,3413.2650005378987,50
Daily bike rentals,temp,hum,0.0591304,0.24312499999999998,3413.5330125378987,50
Daily bike rentals,temp,hum,0.0591304,0.2836458333333333,3412.993355204565,50
Daily bike rentals,temp,hum,0.0591304,0.32416666666666666,3413.9156386331365,50
Daily bike rentals,temp,hum,0.0591304,0.3646875,3416.6341439664698,50
Daily bike rentals,temp,hum,0.0591304,0.40520833333333334,3404.7019166331365,50
Daily bike rentals,temp,hum,0.0591304,0.4457291666666667,3399.9569266000913,50
Daily bike rentals,temp,hum,0.0591304,0.48624999999999996,3416.611682785815,50
Daily bike rentals,temp,hum,0.0591304,0.5267708333333333,3421.9929605757807,50
Daily bike rentals,temp,hum,0.0591304,0.5672916666666666,3418.1847893369472,50
Daily bike rentals,temp,hum,0.0591304,0.6078125,3409.4033192814527,50
Daily bike rentals,temp,hum,0.0591304,0.6483333333333333,3370.9546824960157,50
Daily bike rentals,temp,hum,0.0591304,0.6888541666666667,3300.3732210104067,50
Daily bike rentals,temp,hum,0.0591304,0.729375,3227.6147145491136,50
Daily bike rentals,temp,hum,0.0591304,0.7698958333333333,3134.2544375895627,50
Daily bike rentals,temp,hum,0.0591304,0.8104166666666667,3026.3885379445937,50
Daily bike rentals,temp,hum,0.0591304,0.8509375,2869.5010482648895,50
Daily bike rentals,temp,hum,0.0591304,0.8914583333333334,2824.3815917160473,50
Daily bike rentals,temp,hum,0.0591304,0.9319791666666667,2783.6596555299916,50
Daily bike rentals,temp,hum,0.0591304,0.9725,2768.324097680785,50
Daily bike rentals,temp,hum,0.092569425,0,3408.3881178712318,50
Daily bike rentals,temp,hum,0.092569425,0.04052083333333333,3408.3881178712318,50
Daily bike rentals,temp,hum,0.092569425,0.08104166666666666,3408.3881178712318,50
Daily bike rentals,temp,hum,0.092569425,0.12156249999999999,3409.732017204565,50
Daily bike rentals,temp,hum,0.092569425,0.16208333333333333,3413.6448338712316,50
Daily bike rentals,temp,hum,0.092569425,0.20260416666666667,3413.6448338712316,50
Daily bike rentals,temp,hum,0.092569425,0.24312499999999998,3413.9128458712316,50
Daily bike rentals,temp,hum,0.092569425,0.2836458333333333,3413.3731885378984,50
Daily bike rentals,temp,hum,0.092569425,0.32416666666666666,3414.29547196647,50
Daily bike rentals,temp,hum,0.092569425,0.3646875,3417.013977299803,50
Daily bike rentals,temp,hum,0.092569425,0.40520833333333334,3405.08174996647,50
Daily bike rentals,temp,hum,0.092569425,0.4457291666666667,3400.3913899334243,50
Daily bike rentals,temp,hum,0.092569425,0.48624999999999996,3417.0461461191485,50
Daily bike rentals,temp,hum,0.092569425,0.5267708333333333,3422.4831625757806,50
Daily bike rentals,temp,hum,0.092569425,0.5672916666666666,3418.5512366702806,50
Daily bike rentals,temp,hum,0.092569425,0.6078125,3409.769766614786,50
Daily bike rentals,temp,hum,0.092569425,0.6483333333333333,3371.2634831626824,50
Daily bike rentals,temp,hum,0.092569425,0.6888541666666667,3300.503517010407,50
Daily bike rentals,temp,hum,0.092569425,0.729375,3227.745010549114,50
Daily bike rentals,temp,hum,0.092569425,0.7698958333333333,3134.3847335895625,50
Daily bike rentals,temp,hum,0.092569425,0.8104166666666667,3026.5188339445936,50
Daily bike rentals,temp,hum,0.092569425,0.8509375,2869.5574615982227,50
Daily bike rentals,temp,hum,0.092569425,0.8914583333333334,2824.4380050493805,50
Daily bike rentals,temp,hum,0.092569425,0.9319791666666667,2783.7160688633253,50
Daily bike rentals,temp,hum,0.092569425,0.9725,2768.3805110141184,50
Daily bike rentals,temp,hum,0.12600845,0,3409.9954400115826,50
Daily bike rentals,temp,hum,0.12600845,0.04052083333333333,3409.9954400115826,50
Daily bike rentals,temp,hum,0.12600845,0.08104166666666666,3409.9954400115826,50
Daily bike rentals,temp,hum,0.12600845,0.12156249999999999,3411.339339344916,50
Daily bike rentals,temp,hum,0.12600845,0.16208333333333333,3415.252156011583,50
Daily bike rentals,temp,hum,0.12600845,0.20260416666666667,3415.252156011583,50
Daily bike rentals,temp,hum,0.12600845,0.24312499999999998,3415.520168011583,50
Daily bike rentals,temp,hum,0.12600845,0.2836458333333333,3414.9805106782496,50
Daily bike rentals,temp,hum,0.12600845,0.32416666666666666,3415.9027941068207,50
Daily bike rentals,temp,hum,0.12600845,0.3646875,3418.621299440154,50
Daily bike rentals,temp,hum,0.12600845,0.40520833333333334,3406.751528106821,50
Daily bike rentals,temp,hum,0.12600845,0.4457291666666667,3402.0318580737753,50
Daily bike rentals,temp,hum,0.12600845,0.48624999999999996,3418.4344409261657,50
Daily bike rentals,temp,hum,0.12600845,0.5267708333333333,3423.751867382798,50
Daily bike rentals,temp,hum,0.12600845,0.5672916666666666,3419.7648314772982,50
Daily bike rentals,temp,hum,0.12600845,0.6078125,3410.7906580884705,50
Daily bike rentals,temp,hum,0.12600845,0.6483333333333333,3372.1784399697003,50
Daily bike rentals,temp,hum,0.12600845,0.6888541666666667,3301.0054911507577,50
Daily bike rentals,temp,hum,0.12600845,0.729375,3228.3541366894647,50
Daily bike rentals,temp,hum,0.12600845,0.7698958333333333,3135.0054997299135,50
Daily bike rentals,temp,hum,0.12600845,0.8104166666666667,3027.0805939445936,50
Daily bike rentals,temp,hum,0.12600845,0.8509375,2870.0135615982226,50
Daily bike rentals,temp,hum,0.12600845,0.8914583333333334,2824.894105049381,50
Daily bike rentals,temp,hum,0.12600845,0.9319791666666667,2784.172168863325,50
Daily bike rentals,temp,hum,0.12600845,0.9725,2768.8366110141187,50
Daily bike rentals,temp,hum,0.159447475,0,3413.6196802972972,50
Daily bike rentals,temp,hum,0.159447475,0.04052083333333333,3413.6196802972972,50
Daily bike rentals,temp,hum,0.159447475,0.08104166666666666,3413.6196802972972,50
Daily bike rentals,temp,hum,0.159447475,0.12156249999999999,3414.96357963063,50
Daily bike rentals,temp,hum,0.159447475,0.16208333333333333,3418.876396297297,50
Daily bike rentals,temp,hum,0.159447475,0.20260416666666667,3418.876396297297,50
Daily bike rentals,temp,hum,0.159447475,0.24312499999999998,3419.144408297297,50
Daily bike rentals,temp,hum,0.159447475,0.2836458333333333,3418.6047509639634,50
Daily bike rentals,temp,hum,0.159447475,0.32416666666666666,3419.527034392535,50
Daily bike rentals,temp,hum,0.159447475,0.3646875,3422.245539725868,50
Daily bike rentals,temp,hum,0.159447475,0.40520833333333334,3410.3854163925353,50
Daily bike rentals,temp,hum,0.159447475,0.4457291666666667,3405.483621692823,50
Daily bike rentals,temp,hum,0.159447475,0.48624999999999996,3422.483489878547,50
Daily bike rentals,temp,hum,0.159447475,0.5267708333333333,3427.760548335179,50
Daily bike rentals,temp,hum,0.159447475,0.5672916666666666,3423.455352429679,50
Daily bike rentals,temp,hum,0.159447475,0.6078125,3413.663785993232,50
Daily bike rentals,temp,hum,0.159447475,0.6483333333333333,3374.3737958744623,50
Daily bike rentals,temp,hum,0.159447475,0.6888541666666667,3303.186558388853,50
Daily bike rentals,temp,hum,0.159447475,0.729375,3230.4367639275597,50
Daily bike rentals,temp,hum,0.159447475,0.7698958333333333,3135.463194968009,50
Daily bike rentals,temp,hum,0.159447475,0.8104166666666667,3027.42223061126,50
Daily bike rentals,temp,hum,0.159447475,0.8509375,2870.068232931556,50
Daily bike rentals,temp,hum,0.159447475,0.8914583333333334,2824.929984382714,50
Daily bike rentals,temp,hum,0.159447475,0.9319791666666667,2784.2080481966586,50
Daily bike rentals,temp,hum,0.159447475,0.9725,2768.8724903474517,50
Daily bike rentals,temp,hum,0.1928865,0,3437.75947121216,50
Daily bike rentals,temp,hum,0.1928865,0.04052083333333333,3437.75947121216,50
Daily bike rentals,temp,hum,0.1928865,0.08104166666666666,3437.75947121216,50
Daily bike rentals,temp,hum,0.1928865,0.12156249999999999,3439.665930545493,50
Daily bike rentals,temp,hum,0.1928865,0.16208333333333333,3443.6224752121598,50
Daily bike rentals,temp,hum,0.1928865,0.20260416666666667,3443.6224752121598,50
Daily bike rentals,temp,hum,0.1928865,0.24312499999999998,3443.95016721216,50
Daily bike rentals,temp,hum,0.1928865,0.2836458333333333,3443.4105098788264,50
Daily bike rentals,temp,hum,0.1928865,0.32416666666666666,3444.332793307398,50
Daily bike rentals,temp,hum,0.1928865,0.3646875,3447.051298640731,50
Daily bike rentals,temp,hum,0.1928865,0.40520833333333334,3435.6398146407314,50
Daily bike rentals,temp,hum,0.1928865,0.4457291666666667,3430.9624172743524,50
Daily bike rentals,temp,hum,0.1928865,0.48624999999999996,3449.2285080055312,50
Daily bike rentals,temp,hum,0.1928865,0.5267708333333333,3454.6228724621633,50
Daily bike rentals,temp,hum,0.1928865,0.5672916666666666,3449.9418237947584,50
Daily bike rentals,temp,hum,0.1928865,0.6078125,3438.629444691645,50
Daily bike rentals,temp,hum,0.1928865,0.6483333333333333,3397.0671902178965,50
Daily bike rentals,temp,hum,0.1928865,0.6888541666666667,3320.951541398954,50
Daily bike rentals,temp,hum,0.1928865,0.729375,3245.5662056043275,50
Daily bike rentals,temp,hum,0.1928865,0.7698958333333333,3148.9963779781096,50
Daily bike rentals,temp,hum,0.1928865,0.8104166666666667,3039.8775249546948,50
Daily bike rentals,temp,hum,0.1928865,0.8509375,2881.348447941657,50
Daily bike rentals,temp,hum,0.1928865,0.8914583333333334,2833.6831791705927,50
Daily bike rentals,temp,hum,0.1928865,0.9319791666666667,2792.902052984537,50
Daily bike rentals,temp,hum,0.1928865,0.9725,2777.5664951353306,50
Daily bike rentals,temp,hum,0.226325525,0,3469.2290033580257,50
Daily bike rentals,temp,hum,0.226325525,0.04052083333333333,3469.2290033580257,50
Daily bike rentals,temp,hum,0.226325525,0.08104166666666666,3469.2290033580257,50
Daily bike rentals,temp,hum,0.226325525,0.12156249999999999,3471.954074358026,50
Daily bike rentals,temp,hum,0.226325525,0.16208333333333333,3475.9852430246924,50
Daily bike rentals,temp,hum,0.226325525,0.20260416666666667,3476.3510930246925,50
Daily bike rentals,temp,hum,0.226325525,0.24312499999999998,3476.6787850246924,50
Daily bike rentals,temp,hum,0.226325525,0.2836458333333333,3476.594745691359,50
Daily bike rentals,temp,hum,0.226325525,0.32416666666666666,3477.3611891199307,50
Daily bike rentals,temp,hum,0.226325525,0.3646875,3480.079694453264,50
Daily bike rentals,temp,hum,0.226325525,0.40520833333333334,3471.373477786597,50
Daily bike rentals,temp,hum,0.226325525,0.4457291666666667,3466.778643896409,50
Daily bike rentals,temp,hum,0.226325525,0.48624999999999996,3481.7512286275874,50
Daily bike rentals,temp,hum,0.226325525,0.5267708333333333,3486.9313930842195,50
Daily bike rentals,temp,hum,0.226325525,0.5672916666666666,3483.4817483215766,50
Daily bike rentals,temp,hum,0.226325525,0.6078125,3473.5263717898915,50
Daily bike rentals,temp,hum,0.226325525,0.6483333333333333,3432.699454871699,50
Daily bike rentals,temp,hum,0.226325525,0.6888541666666667,3353.4659445916036,50
Daily bike rentals,temp,hum,0.226325525,0.729375,3276.534894892215,50
Daily bike rentals,temp,hum,0.226325525,0.7698958333333333,3178.650267265997,50
Daily bike rentals,temp,hum,0.226325525,0.8104166666666667,3065.382112236413,50
Daily bike rentals,temp,hum,0.226325525,0.8509375,2902.7361045260727,50
Daily bike rentals,temp,hum,0.226325525,0.8914583333333334,2851.975705088342,50
Daily bike rentals,temp,hum,0.226325525,0.9319791666666667,2810.4006462356197,50
Daily bike rentals,temp,hum,0.226325525,0.9725,2794.628528386413,50
Daily bike rentals,temp,hum,0.25976455,0,3576.411410198536,50
Daily bike rentals,temp,hum,0.25976455,0.04052083333333333,3576.411410198536,50
Daily bike rentals,temp,hum,0.25976455,0.08104166666666666,3576.411410198536,50
Daily bike rentals,temp,hum,0.25976455,0.12156249999999999,3580.134213198536,50
Daily bike rentals,temp,hum,0.25976455,0.16208333333333333,3586.7488958652025,50
Daily bike rentals,temp,hum,0.25976455,0.20260416666666667,3587.1147458652026,50
Daily bike rentals,temp,hum,0.25976455,0.24312499999999998,3588.0139598652027,50
Daily bike rentals,temp,hum,0.25976455,0.2836458333333333,3588.2284305318694,50
Daily bike rentals,temp,hum,0.25976455,0.32416666666666666,3589.0001139604406,50
Daily bike rentals,temp,hum,0.25976455,0.3646875,3591.7206559604406,50
Daily bike rentals,temp,hum,0.25976455,0.40520833333333334,3586.0628086271076,50
Daily bike rentals,temp,hum,0.25976455,0.4457291666666667,3582.8557109280614,50
Daily bike rentals,temp,hum,0.25976455,0.48624999999999996,3598.8536486592398,50
Daily bike rentals,temp,hum,0.25976455,0.5267708333333333,3604.383746368397,50
Daily bike rentals,temp,hum,0.25976455,0.5672916666666666,3596.3134836057543,50
Daily bike rentals,temp,hum,0.25976455,0.6078125,3583.629027074069,50
Daily bike rentals,temp,hum,0.25976455,0.6483333333333333,3543.448178026006,50
Daily bike rentals,temp,hum,0.25976455,0.6888541666666667,3462.430525533485,50
Daily bike rentals,temp,hum,0.25976455,0.729375,3383.3109905960014,50
Daily bike rentals,temp,hum,0.25976455,0.7698958333333333,3289.0232964935926,50
Daily bike rentals,temp,hum,0.25976455,0.8104166666666667,3165.8157862075977,50
Daily bike rentals,temp,hum,0.25976455,0.8509375,2992.8620954420844,50
Daily bike rentals,temp,hum,0.25976455,0.8914583333333334,2940.1047590519725,50
Daily bike rentals,temp,hum,0.25976455,0.9319791666666667,2895.119179088139,50
Daily bike rentals,temp,hum,0.25976455,0.9725,2877.0151892389326,50
Daily bike rentals,temp,hum,0.29320357499999994,0,3829.078482246518,50
Daily bike rentals,temp,hum,0.29320357499999994,0.04052083333333333,3829.078482246518,50
Daily bike rentals,temp,hum,0.29320357499999994,0.08104166666666666,3829.078482246518,50
Daily bike rentals,temp,hum,0.29320357499999994,0.12156249999999999,3833.5935992465184,50
Daily bike rentals,temp,hum,0.29320357499999994,0.16208333333333333,3841.668711913185,50
Daily bike rentals,temp,hum,0.29320357499999994,0.20260416666666667,3842.034561913185,50
Daily bike rentals,temp,hum,0.29320357499999994,0.24312499999999998,3843.513989913185,50
Daily bike rentals,temp,hum,0.29320357499999994,0.2836458333333333,3843.5973965798516,50
Daily bike rentals,temp,hum,0.29320357499999994,0.32416666666666666,3844.419992008423,50
Daily bike rentals,temp,hum,0.29320357499999994,0.3646875,3846.641904008423,50
Daily bike rentals,temp,hum,0.29320357499999994,0.40520833333333334,3839.1834253417564,50
Daily bike rentals,temp,hum,0.29320357499999994,0.4457291666666667,3839.0661460309884,50
Daily bike rentals,temp,hum,0.29320357499999994,0.48624999999999996,3859.6358111907384,50
Daily bike rentals,temp,hum,0.29320357499999994,0.5267708333333333,3872.320634787564,50
Daily bike rentals,temp,hum,0.29320357499999994,0.5672916666666666,3858.5619569773016,50
Daily bike rentals,temp,hum,0.29320357499999994,0.6078125,3858.8720515769296,50
Daily bike rentals,temp,hum,0.29320357499999994,0.6483333333333333,3817.9237931782172,50
Daily bike rentals,temp,hum,0.29320357499999994,0.6888541666666667,3721.0490163411578,50
Daily bike rentals,temp,hum,0.29320357499999994,0.729375,3636.7044065465316,50
Daily bike rentals,temp,hum,0.29320357499999994,0.7698958333333333,3530.4103253330118,50
Daily bike rentals,temp,hum,0.29320357499999994,0.8104166666666667,3388.9339372997642,50
Daily bike rentals,temp,hum,0.29320357499999994,0.8509375,3204.5692092009176,50
Daily bike rentals,temp,hum,0.29320357499999994,0.8914583333333334,3148.4765714774726,50
Daily bike rentals,temp,hum,0.29320357499999994,0.9319791666666667,3096.688243513639,50
Daily bike rentals,temp,hum,0.29320357499999994,0.9725,3071.246960331099,50
Daily bike rentals,temp,hum,0.3266426,0,3885.6829697309554,50
Daily bike rentals,temp,hum,0.3266426,0.04052083333333333,3885.6829697309554,50
Daily bike rentals,temp,hum,0.3266426,0.08104166666666666,3885.6829697309554,50
Daily bike rentals,temp,hum,0.3266426,0.12156249999999999,3890.739607397622,50
Daily bike rentals,temp,hum,0.3266426,0.16208333333333333,3898.951379397622,50
Daily bike rentals,temp,hum,0.3266426,0.20260416666666667,3900.998175397622,50
Daily bike rentals,temp,hum,0.3266426,0.24312499999999998,3902.557663397622,50
Daily bike rentals,temp,hum,0.3266426,0.2836458333333333,3903.220395397622,50
Daily bike rentals,temp,hum,0.3266426,0.32416666666666666,3904.0209628261932,50
Daily bike rentals,temp,hum,0.3266426,0.3646875,3906.5673788261934,50
Daily bike rentals,temp,hum,0.3266426,0.40520833333333334,3899.347954159527,50
Daily bike rentals,temp,hum,0.3266426,0.4457291666666667,3898.877607515426,50
Daily bike rentals,temp,hum,0.3266426,0.48624999999999996,3916.587850675176,50
Daily bike rentals,temp,hum,0.3266426,0.5267708333333333,3929.057639129144,50
Daily bike rentals,temp,hum,0.3266426,0.5672916666666666,3914.610041337197,50
Daily bike rentals,temp,hum,0.3266426,0.6078125,3912.8052848459156,50
Daily bike rentals,temp,hum,0.3266426,0.6483333333333333,3865.4990331651516,50
Daily bike rentals,temp,hum,0.3266426,0.6888541666666667,3773.885764654211,50
Daily bike rentals,temp,hum,0.3266426,0.729375,3693.9053477344873,50
Daily bike rentals,temp,hum,0.3266426,0.7698958333333333,3592.1441931876343,50
Daily bike rentals,temp,hum,0.3266426,0.8104166666666667,3448.0880407734344,50
Daily bike rentals,temp,hum,0.3266426,0.8509375,3274.638841103159,50
Daily bike rentals,temp,hum,0.3266426,0.8914583333333334,3215.561487379714,50
Daily bike rentals,temp,hum,0.3266426,0.9319791666666667,3156.741860082547,50
Daily bike rentals,temp,hum,0.3266426,0.9725,3130.977525566674,50
Daily bike rentals,temp,hum,0.36008162499999996,0,3973.3040140403423,50
Daily bike rentals,temp,hum,0.36008162499999996,0.04052083333333333,3973.3040140403423,50
Daily bike rentals,temp,hum,0.36008162499999996,0.08104166666666666,3973.3040140403423,50
Daily bike rentals,temp,hum,0.36008162499999996,0.12156249999999999,3978.387707707009,50
Daily bike rentals,temp,hum,0.36008162499999996,0.16208333333333333,3986.813251707009,50
Daily bike rentals,temp,hum,0.36008162499999996,0.20260416666666667,3989.011655707009,50
Daily bike rentals,temp,hum,0.36008162499999996,0.24312499999999998,3990.633705707009,50
Daily bike rentals,temp,hum,0.36008162499999996,0.2836458333333333,3991.772491040342,50
Daily bike rentals,temp,hum,0.36008162499999996,0.32416666666666666,3992.417359802247,50
Daily bike rentals,temp,hum,0.36008162499999996,0.3646875,3995.2795731355804,50
Daily bike rentals,temp,hum,0.36008162499999996,0.40520833333333334,3987.2501911355803,50
Daily bike rentals,temp,hum,0.36008162499999996,0.4457291666666667,3989.3885038248127,50
Daily bike rentals,temp,hum,0.36008162499999996,0.48624999999999996,4007.4534618417056,50
Daily bike rentals,temp,hum,0.36008162499999996,0.5267708333333333,4017.516218381798,50
Daily bike rentals,temp,hum,0.36008162499999996,0.5672916666666666,4003.076069588917,50
Daily bike rentals,temp,hum,0.36008162499999996,0.6078125,4002.4510797643024,50
Daily bike rentals,temp,hum,0.36008162499999996,0.6483333333333333,3956.091759226396,50
Daily bike rentals,temp,hum,0.36008162499999996,0.6888541666666667,3864.536432858312,50
Daily bike rentals,temp,hum,0.36008162499999996,0.729375,3788.1392685096675,50
Daily bike rentals,temp,hum,0.36008162499999996,0.7698958333333333,3688.145019092685,50
Daily bike rentals,temp,hum,0.36008162499999996,0.8104166666666667,3551.4816113251013,50
Daily bike rentals,temp,hum,0.36008162499999996,0.8509375,3400.6683460757376,50
Daily bike rentals,temp,hum,0.36008162499999996,0.8914583333333334,3338.772194808433,50
Daily bike rentals,temp,hum,0.36008162499999996,0.9319791666666667,3267.919731511267,50
Daily bike rentals,temp,hum,0.36008162499999996,0.9725,3241.7970529953936,50
Daily bike rentals,temp,hum,0.39352065,0,4152.660497026418,50
Daily bike rentals,temp,hum,0.39352065,0.04052083333333333,4152.660497026418,50
Daily bike rentals,temp,hum,0.39352065,0.08104166666666666,4152.660497026418,50
Daily bike rentals,temp,hum,0.39352065,0.12156249999999999,4157.744190693085,50
Daily bike rentals,temp,hum,0.39352065,0.16208333333333333,4164.446839359752,50
Daily bike rentals,temp,hum,0.39352065,0.20260416666666667,4167.250303359751,50
Daily bike rentals,temp,hum,0.39352065,0.24312499999999998,4168.944353359751,50
Daily bike rentals,temp,hum,0.39352065,0.2836458333333333,4169.914586693085,50
Daily bike rentals,temp,hum,0.39352065,0.32416666666666666,4170.675547454989,50
Daily bike rentals,temp,hum,0.39352065,0.3646875,4173.853930121656,50
Daily bike rentals,temp,hum,0.39352065,0.40520833333333334,4168.4217104073705,50
Daily bike rentals,temp,hum,0.39352065,0.4457291666666667,4172.411544481219,50
Daily bike rentals,temp,hum,0.39352065,0.48624999999999996,4184.9618393870005,50
Daily bike rentals,temp,hum,0.39352065,0.5267708333333333,4186.900662609252,50
Daily bike rentals,temp,hum,0.39352065,0.5672916666666666,4170.363323779157,50
Daily bike rentals,temp,hum,0.39352065,0.6078125,4162.949155209954,50
Daily bike rentals,temp,hum,0.39352065,0.6483333333333333,4120.773895783159,50
Daily bike rentals,temp,hum,0.39352065,0.6888541666666667,4031.1695365842324,50
Daily bike rentals,temp,hum,0.39352065,0.729375,3939.2426055342894,50
Daily bike rentals,temp,hum,0.39352065,0.7698958333333333,3831.254616448134,50
Daily bike rentals,temp,hum,0.39352065,0.8104166666666667,3688.1306551125854,50
Daily bike rentals,temp,hum,0.39352065,0.8509375,3515.4666576467716,50
Daily bike rentals,temp,hum,0.39352065,0.8914583333333334,3438.729289894619,50
Daily bike rentals,temp,hum,0.39352065,0.9319791666666667,3364.800901454595,50
Daily bike rentals,temp,hum,0.39352065,0.9725,3337.6726015498334,50
Daily bike rentals,temp,hum,0.426959675,0,4448.783950044858,50
Daily bike rentals,temp,hum,0.426959675,0.04052083333333333,4448.783950044858,50
Daily bike rentals,temp,hum,0.426959675,0.08104166666666666,4448.783950044858,50
Daily bike rentals,temp,hum,0.426959675,0.12156249999999999,4452.848048044859,50
Daily bike rentals,temp,hum,0.426959675,0.16208333333333333,4458.341326711525,50
Daily bike rentals,temp,hum,0.426959675,0.20260416666666667,4460.8283127115255,50
Daily bike rentals,temp,hum,0.426959675,0.24312499999999998,4461.933308711526,50
Daily bike rentals,temp,hum,0.426959675,0.2836458333333333,4462.769800044858,50
Daily bike rentals,temp,hum,0.426959675,0.32416666666666666,4461.9583824431265,50
Daily bike rentals,temp,hum,0.426959675,0.3646875,4468.5584663478885,50
Daily bike rentals,temp,hum,0.426959675,0.40520833333333334,4465.63728130027,50
Daily bike rentals,temp,hum,0.426959675,0.4457291666666667,4469.16977823126,50
Daily bike rentals,temp,hum,0.426959675,0.48624999999999996,4471.9019222799,50
Daily bike rentals,temp,hum,0.426959675,0.5267708333333333,4470.9851975714155,50
Daily bike rentals,temp,hum,0.426959675,0.5672916666666666,4460.173409471479,50
Daily bike rentals,temp,hum,0.426959675,0.6078125,4451.473447326519,50
Daily bike rentals,temp,hum,0.426959675,0.6483333333333333,4412.596837307771,50
Daily bike rentals,temp,hum,0.426959675,0.6888541666666667,4343.216627861274,50
Daily bike rentals,temp,hum,0.426959675,0.729375,4261.802096680018,50
Daily bike rentals,temp,hum,0.426959675,0.7698958333333333,4142.54817548069,50
Daily bike rentals,temp,hum,0.426959675,0.8104166666666667,3991.725469795935,50
Daily bike rentals,temp,hum,0.426959675,0.8509375,3773.246390061057,50
Daily bike rentals,temp,hum,0.426959675,0.8914583333333334,3684.3685120455984,50
Daily bike rentals,temp,hum,0.426959675,0.9319791666666667,3593.445634342635,50
Daily bike rentals,temp,hum,0.426959675,0.9725,3561.3588457712062,50
Daily bike rentals,temp,hum,0.46039869999999994,0,4832.816362104969,50
Daily bike rentals,temp,hum,0.46039869999999994,0.04052083333333333,4832.816362104969,50
Daily bike rentals,temp,hum,0.46039869999999994,0.08104166666666666,4832.816362104969,50
Daily bike rentals,temp,hum,0.46039869999999994,0.12156249999999999,4835.646768104969,50
Daily bike rentals,temp,hum,0.46039869999999994,0.16208333333333333,4838.288946771636,50
Daily bike rentals,temp,hum,0.46039869999999994,0.20260416666666667,4840.775932771636,50
Daily bike rentals,temp,hum,0.46039869999999994,0.24312499999999998,4841.384632771636,50
Daily bike rentals,temp,hum,0.46039869999999994,0.2836458333333333,4842.4133947716355,50
Daily bike rentals,temp,hum,0.46039869999999994,0.32416666666666666,4842.782408503237,50
Daily bike rentals,temp,hum,0.46039869999999994,0.3646875,4851.751662407999,50
Daily bike rentals,temp,hum,0.46039869999999994,0.40520833333333334,4855.6904139318085,50
Daily bike rentals,temp,hum,0.46039869999999994,0.4457291666666667,4855.028639434228,50
Daily bike rentals,temp,hum,0.46039869999999994,0.48624999999999996,4852.468841924426,50
Daily bike rentals,temp,hum,0.46039869999999994,0.5267708333333333,4844.509021104831,50
Daily bike rentals,temp,hum,0.46039869999999994,0.5672916666666666,4824.833866839883,50
Daily bike rentals,temp,hum,0.46039869999999994,0.6078125,4815.618507144076,50
Daily bike rentals,temp,hum,0.46039869999999994,0.6483333333333333,4778.249290477976,50
Daily bike rentals,temp,hum,0.46039869999999994,0.6888541666666667,4730.9687975863735,50
Daily bike rentals,temp,hum,0.46039869999999994,0.729375,4683.739857663181,50
Daily bike rentals,temp,hum,0.46039869999999994,0.7698958333333333,4552.971907909456,50
Daily bike rentals,temp,hum,0.46039869999999994,0.8104166666666667,4440.676516228586,50
Daily bike rentals,temp,hum,0.46039869999999994,0.8509375,4201.447999534569,50
Daily bike rentals,temp,hum,0.46039869999999994,0.8914583333333334,4098.718511090538,50
Daily bike rentals,temp,hum,0.46039869999999994,0.9319791666666667,3968.082379131165,50
Daily bike rentals,temp,hum,0.46039869999999994,0.9725,3941.051409226403,50
Daily bike rentals,temp,hum,0.493837725,0,5020.668223974858,50
Daily bike rentals,temp,hum,0.493837725,0.04052083333333333,5020.668223974858,50
Daily bike rentals,temp,hum,0.493837725,0.08104166666666666,5020.668223974858,50
Daily bike rentals,temp,hum,0.493837725,0.12156249999999999,5024.023229974858,50
Daily bike rentals,temp,hum,0.493837725,0.16208333333333333,5026.615958641524,50
Daily bike rentals,temp,hum,0.493837725,0.20260416666666667,5029.102944641524,50
Daily bike rentals,temp,hum,0.493837725,0.24312499999999998,5029.711644641524,50
Daily bike rentals,temp,hum,0.493837725,0.2836458333333333,5030.655456641524,50
Daily bike rentals,temp,hum,0.493837725,0.32416666666666666,5031.930467706459,50
Daily bike rentals,temp,hum,0.493837725,0.3646875,5044.220106087411,50
Daily bike rentals,temp,hum,0.493837725,0.40520833333333334,5053.054040611221,50
Daily bike rentals,temp,hum,0.493837725,0.4457291666666667,5060.946541669196,50
Daily bike rentals,temp,hum,0.493837725,0.48624999999999996,5057.266364697854,50
Daily bike rentals,temp,hum,0.493837725,0.5267708333333333,5040.837862967554,50
Daily bike rentals,temp,hum,0.493837725,0.5672916666666666,5024.52708656571,50
Daily bike rentals,temp,hum,0.493837725,0.6078125,5017.665461223439,50
Daily bike rentals,temp,hum,0.493837725,0.6483333333333333,4982.472070493846,50
Daily bike rentals,temp,hum,0.493837725,0.6888541666666667,4925.622042427642,50
Daily bike rentals,temp,hum,0.493837725,0.729375,4868.539799592361,50
Daily bike rentals,temp,hum,0.493837725,0.7698958333333333,4728.970580931412,50
Daily bike rentals,temp,hum,0.493837725,0.8104166666666667,4635.43790382197,50
Daily bike rentals,temp,hum,0.493837725,0.8509375,4386.441740799302,50
Daily bike rentals,temp,hum,0.493837725,0.8914583333333334,4252.236032667605,50
Daily bike rentals,temp,hum,0.493837725,0.9319791666666667,4100.59970727966,50
Daily bike rentals,temp,hum,0.493837725,0.9725,4071.688376422517,50
Daily bike rentals,temp,hum,0.52727675,0,5126.536754204246,50
Daily bike rentals,temp,hum,0.52727675,0.04052083333333333,5126.536754204246,50
Daily bike rentals,temp,hum,0.52727675,0.08104166666666666,5126.536754204246,50
Daily bike rentals,temp,hum,0.52727675,0.12156249999999999,5129.891760204246,50
Daily bike rentals,temp,hum,0.52727675,0.16208333333333333,5132.484488870912,50
Daily bike rentals,temp,hum,0.52727675,0.20260416666666667,5134.971474870912,50
Daily bike rentals,temp,hum,0.52727675,0.24312499999999998,5135.580174870913,50
Daily bike rentals,temp,hum,0.52727675,0.2836458333333333,5137.375676204246,50
Daily bike rentals,temp,hum,0.52727675,0.32416666666666666,5139.381423632817,50
Daily bike rentals,temp,hum,0.52727675,0.3646875,5150.371904680436,50
Daily bike rentals,temp,hum,0.52727675,0.40520833333333334,5159.503947870912,50
Daily bike rentals,temp,hum,0.52727675,0.4457291666666667,5169.585588928887,50
Daily bike rentals,temp,hum,0.52727675,0.48624999999999996,5164.418486833448,50
Daily bike rentals,temp,hum,0.52727675,0.5267708333333333,5145.096309198385,50
Daily bike rentals,temp,hum,0.52727675,0.5672916666666666,5126.828028817594,50
Daily bike rentals,temp,hum,0.52727675,0.6078125,5119.547530141989,50
Daily bike rentals,temp,hum,0.52727675,0.6483333333333333,5088.048668650492,50
Daily bike rentals,temp,hum,0.52727675,0.6888541666666667,5036.29405846664,50
Daily bike rentals,temp,hum,0.52727675,0.729375,4977.740025344647,50
Daily bike rentals,temp,hum,0.52727675,0.7698958333333333,4828.068340755847,50
Daily bike rentals,temp,hum,0.52727675,0.8104166666666667,4730.276632322841,50
Daily bike rentals,temp,hum,0.52727675,0.8509375,4471.657078583086,50
Daily bike rentals,temp,hum,0.52727675,0.8914583333333334,4334.841764451388,50
Daily bike rentals,temp,hum,0.52727675,0.9319791666666667,4176.4452603967775,50
Daily bike rentals,temp,hum,0.52727675,0.9725,4147.418013539634,50
Daily bike rentals,temp,hum,0.560715775,0,5144.011695712352,50
Daily bike rentals,temp,hum,0.560715775,0.04052083333333333,5144.011695712352,50
Daily bike rentals,temp,hum,0.560715775,0.08104166666666666,5144.011695712352,50
Daily bike rentals,temp,hum,0.560715775,0.12156249999999999,5147.366701712352,50
Daily bike rentals,temp,hum,0.560715775,0.16208333333333333,5149.959430379018,50
Daily bike rentals,temp,hum,0.560715775,0.20260416666666667,5152.446416379018,50
Daily bike rentals,temp,hum,0.560715775,0.24312499999999998,5153.055116379019,50
Daily bike rentals,temp,hum,0.560715775,0.2836458333333333,5154.850617712352,50
Daily bike rentals,temp,hum,0.560715775,0.32416666666666666,5156.928241140923,50
Daily bike rentals,temp,hum,0.560715775,0.3646875,5167.723121521875,50
Daily bike rentals,temp,hum,0.560715775,0.40520833333333334,5175.783664712352,50
Daily bike rentals,temp,hum,0.560715775,0.4457291666666667,5187.893620436993,50
Daily bike rentals,temp,hum,0.560715775,0.48624999999999996,5185.254259674887,50
Daily bike rentals,temp,hum,0.560715775,0.5267708333333333,5167.327773190491,50
Daily bike rentals,temp,hum,0.560715775,0.5672916666666666,5148.005430143034,50
Daily bike rentals,temp,hum,0.560715775,0.6078125,5139.477295721396,50
Daily bike rentals,temp,hum,0.560715775,0.6483333333333333,5106.682710420376,50
Daily bike rentals,temp,hum,0.560715775,0.6888541666666667,5044.274304034503,50
Daily bike rentals,temp,hum,0.560715775,0.729375,4979.357987737907,50
Daily bike rentals,temp,hum,0.560715775,0.7698958333333333,4828.704782984605,50
Daily bike rentals,temp,hum,0.560715775,0.8104166666666667,4723.6840441677605,50
Daily bike rentals,temp,hum,0.560715775,0.8509375,4484.899346428006,50
Daily bike rentals,temp,hum,0.560715775,0.8914583333333334,4340.747862682863,50
Daily bike rentals,temp,hum,0.560715775,0.9319791666666667,4173.811148628251,50
Daily bike rentals,temp,hum,0.560715775,0.9725,4141.152283771108,50
Daily bike rentals,temp,hum,0.5941548,0,5155.477295534685,50
Daily bike rentals,temp,hum,0.5941548,0.04052083333333333,5155.477295534685,50
Daily bike rentals,temp,hum,0.5941548,0.08104166666666666,5155.477295534685,50
Daily bike rentals,temp,hum,0.5941548,0.12156249999999999,5158.832301534685,50
Daily bike rentals,temp,hum,0.5941548,0.16208333333333333,5161.425030201352,50
Daily bike rentals,temp,hum,0.5941548,0.20260416666666667,5163.912016201351,50
Daily bike rentals,temp,hum,0.5941548,0.24312499999999998,5164.520716201352,50
Daily bike rentals,temp,hum,0.5941548,0.2836458333333333,5166.316217534685,50
Daily bike rentals,temp,hum,0.5941548,0.32416666666666666,5168.4576009632565,50
Daily bike rentals,temp,hum,0.5941548,0.3646875,5179.422654010876,50
Daily bike rentals,temp,hum,0.5941548,0.40520833333333334,5187.651487201352,50
Daily bike rentals,temp,hum,0.5941548,0.4457291666666667,5199.734598037105,50
Daily bike rentals,temp,hum,0.5941548,0.48624999999999996,5197.266501084522,50
Daily bike rentals,temp,hum,0.5941548,0.5267708333333333,5178.849366981078,50
Daily bike rentals,temp,hum,0.5941548,0.5672916666666666,5158.742377266954,50
Daily bike rentals,temp,hum,0.5941548,0.6078125,5149.89469717865,50
Daily bike rentals,temp,hum,0.5941548,0.6483333333333333,5115.740769687153,50
Daily bike rentals,temp,hum,0.5941548,0.6888541666666667,5053.799056532051,50
Daily bike rentals,temp,hum,0.5941548,0.729375,4990.160318568787,50
Daily bike rentals,temp,hum,0.5941548,0.7698958333333333,4828.229000386914,50
Daily bike rentals,temp,hum,0.5941548,0.8104166666666667,4714.332632173244,50
Daily bike rentals,temp,hum,0.5941548,0.8509375,4478.260731766823,50
Daily bike rentals,temp,hum,0.5941548,0.8914583333333334,4341.895046688346,50
Daily bike rentals,temp,hum,0.5941548,0.9319791666666667,4170.800196967069,50
Daily bike rentals,temp,hum,0.5941548,0.9725,4138.621878776592,50
Daily bike rentals,temp,hum,0.6275938249999999,0,5180.445766335636,50
Daily bike rentals,temp,hum,0.6275938249999999,0.04052083333333333,5180.445766335636,50
Daily bike rentals,temp,hum,0.6275938249999999,0.08104166666666666,5180.445766335636,50
Daily bike rentals,temp,hum,0.6275938249999999,0.12156249999999999,5183.800772335636,50
Daily bike rentals,temp,hum,0.6275938249999999,0.16208333333333333,5186.393501002302,50
Daily bike rentals,temp,hum,0.6275938249999999,0.20260416666666667,5188.880487002302,50
Daily bike rentals,temp,hum,0.6275938249999999,0.24312499999999998,5189.489187002303,50
Daily bike rentals,temp,hum,0.6275938249999999,0.2836458333333333,5191.284688335636,50
Daily bike rentals,temp,hum,0.6275938249999999,0.32416666666666666,5193.426071764207,50
Daily bike rentals,temp,hum,0.6275938249999999,0.3646875,5204.025620145159,50
Daily bike rentals,temp,hum,0.6275938249999999,0.40520833333333334,5212.148115240398,50
Daily bike rentals,temp,hum,0.6275938249999999,0.4457291666666667,5224.421554742817,50
Daily bike rentals,temp,hum,0.6275938249999999,0.48624999999999996,5219.173526456901,50
Daily bike rentals,temp,hum,0.6275938249999999,0.5267708333333333,5198.8431472106,50
Daily bike rentals,temp,hum,0.6275938249999999,0.5672916666666666,5177.026456163142,50
Daily bike rentals,temp,hum,0.6275938249999999,0.6078125,5170.020797539897,50
Daily bike rentals,temp,hum,0.6275938249999999,0.6483333333333333,5133.466510843409,50
Daily bike rentals,temp,hum,0.6275938249999999,0.6888541666666667,5070.823413688306,50
Daily bike rentals,temp,hum,0.6275938249999999,0.729375,5008.148538442992,50
Daily bike rentals,temp,hum,0.6275938249999999,0.7698958333333333,4853.210303499213,50
Daily bike rentals,temp,hum,0.6275938249999999,0.8104166666666667,4741.814905285543,50
Daily bike rentals,temp,hum,0.6275938249999999,0.8509375,4501.180890641027,50
Daily bike rentals,temp,hum,0.6275938249999999,0.8914583333333334,4374.409640012766,50
Daily bike rentals,temp,hum,0.6275938249999999,0.9319791666666667,4204.991766577203,50
Daily bike rentals,temp,hum,0.6275938249999999,0.9725,4171.05107172006,50
Daily bike rentals,temp,hum,0.66103285,0,5184.283201855116,50
Daily bike rentals,temp,hum,0.66103285,0.04052083333333333,5184.283201855116,50
Daily bike rentals,temp,hum,0.66103285,0.08104166666666666,5184.283201855116,50
Daily bike rentals,temp,hum,0.66103285,0.12156249999999999,5187.638207855117,50
Daily bike rentals,temp,hum,0.66103285,0.16208333333333333,5190.230936521783,50
Daily bike rentals,temp,hum,0.66103285,0.20260416666666667,5192.717922521783,50
Daily bike rentals,temp,hum,0.66103285,0.24312499999999998,5193.326622521783,50
Daily bike rentals,temp,hum,0.66103285,0.2836458333333333,5195.122123855117,50
Daily bike rentals,temp,hum,0.66103285,0.32416666666666666,5197.263507283688,50
Daily bike rentals,temp,hum,0.66103285,0.3646875,5207.5195389979735,50
Daily bike rentals,temp,hum,0.66103285,0.40520833333333334,5215.578626093212,50
Daily bike rentals,temp,hum,0.66103285,0.4457291666666667,5227.427339595631,50
Daily bike rentals,temp,hum,0.66103285,0.48624999999999996,5221.044026309715,50
Daily bike rentals,temp,hum,0.66103285,0.5267708333333333,5200.887309063414,50
Daily bike rentals,temp,hum,0.66103285,0.5672916666666666,5178.191680968337,50
Daily bike rentals,temp,hum,0.66103285,0.6078125,5173.320096275827,50
Daily bike rentals,temp,hum,0.66103285,0.6483333333333333,5135.423784690451,50
Daily bike rentals,temp,hum,0.66103285,0.6888541666666667,5077.3640443030245,50
Daily bike rentals,temp,hum,0.66103285,0.729375,5022.107718248187,50
Daily bike rentals,temp,hum,0.66103285,0.7698958333333333,4881.442542975404,50
Daily bike rentals,temp,hum,0.66103285,0.8104166666666667,4773.753184349035,50
Daily bike rentals,temp,hum,0.66103285,0.8509375,4527.453713275948,50
Daily bike rentals,temp,hum,0.66103285,0.8914583333333334,4403.226971885782,50
Daily bike rentals,temp,hum,0.66103285,0.9319791666666667,4241.7899142597425,50
Daily bike rentals,temp,hum,0.66103285,0.9725,4210.682763402599,50
Daily bike rentals,temp,hum,0.694471875,0,5167.004648970794,50
Daily bike rentals,temp,hum,0.694471875,0.04052083333333333,5167.004648970794,50
Daily bike rentals,temp,hum,0.694471875,0.08104166666666666,5167.004648970794,50
Daily bike rentals,temp,hum,0.694471875,0.12156249999999999,5170.3596549707945,50
Daily bike rentals,temp,hum,0.694471875,0.16208333333333333,5172.952383637461,50
Daily bike rentals,temp,hum,0.694471875,0.20260416666666667,5175.439369637461,50
Daily bike rentals,temp,hum,0.694471875,0.24312499999999998,5176.048069637461,50
Daily bike rentals,temp,hum,0.694471875,0.2836458333333333,5177.843570970794,50
Daily bike rentals,temp,hum,0.694471875,0.32416666666666666,5179.984954399366,50
Daily bike rentals,temp,hum,0.694471875,0.3646875,5190.20488668508,50
Daily bike rentals,temp,hum,0.694471875,0.40520833333333334,5198.018925113651,50
Daily bike rentals,temp,hum,0.694471875,0.4457291666666667,5209.500983949404,50
Daily bike rentals,temp,hum,0.694471875,0.48624999999999996,5204.005499265219,50
Daily bike rentals,temp,hum,0.694471875,0.5267708333333333,5183.378760352252,50
Daily bike rentals,temp,hum,0.694471875,0.5672916666666666,5160.533041479397,50
Daily bike rentals,temp,hum,0.694471875,0.6078125,5155.3226925487925,50
Daily bike rentals,temp,hum,0.694471875,0.6483333333333333,5119.115142567812,50
Daily bike rentals,temp,hum,0.694471875,0.6888541666666667,5060.64572979636,50
Daily bike rentals,temp,hum,0.694471875,0.729375,5007.678493312951,50
Daily bike rentals,temp,hum,0.694471875,0.7698958333333333,4869.971034194341,50
Daily bike rentals,temp,hum,0.694471875,0.8104166666666667,4761.551952901306,50
Daily bike rentals,temp,hum,0.694471875,0.8509375,4473.942999529517,50
Daily bike rentals,temp,hum,0.694471875,0.8914583333333334,4352.109567335525,50
Daily bike rentals,temp,hum,0.694471875,0.9319791666666667,4212.089386013514,50
Daily bike rentals,temp,hum,0.694471875,0.9725,4185.296245823038,50
Daily bike rentals,temp,hum,0.7279109,0,5141.417646208913,50
Daily bike rentals,temp,hum,0.7279109,0.04052083333333333,5141.417646208913,50
Daily bike rentals,temp,hum,0.7279109,0.08104166666666666,5141.417646208913,50
Daily bike rentals,temp,hum,0.7279109,0.12156249999999999,5144.772652208912,50
Daily bike rentals,temp,hum,0.7279109,0.16208333333333333,5147.365380875579,50
Daily bike rentals,temp,hum,0.7279109,0.20260416666666667,5149.85236687558,50
Daily bike rentals,temp,hum,0.7279109,0.24312499999999998,5150.4610668755795,50
Daily bike rentals,temp,hum,0.7279109,0.2836458333333333,5152.2565682089125,50
Daily bike rentals,temp,hum,0.7279109,0.32416666666666666,5154.339815637484,50
Daily bike rentals,temp,hum,0.7279109,0.3646875,5163.832569923198,50
Daily bike rentals,temp,hum,0.7279109,0.40520833333333334,5171.300369018436,50
Daily bike rentals,temp,hum,0.7279109,0.4457291666666667,5181.90742448164,50
Daily bike rentals,temp,hum,0.7279109,0.48624999999999996,5173.600714432377,50
Daily bike rentals,temp,hum,0.7279109,0.5267708333333333,5152.691803924187,50
Daily bike rentals,temp,hum,0.7279109,0.5672916666666666,5127.694064618432,50
Daily bike rentals,temp,hum,0.7279109,0.6078125,5121.296881132271,50
Daily bike rentals,temp,hum,0.7279109,0.6483333333333333,5081.274748706846,50
Daily bike rentals,temp,hum,0.7279109,0.6888541666666667,5031.102877318678,50
Daily bike rentals,temp,hum,0.7279109,0.729375,4985.022353502578,50
Daily bike rentals,temp,hum,0.7279109,0.7698958333333333,4855.222008856084,50
Daily bike rentals,temp,hum,0.7279109,0.8104166666666667,4749.089948567378,50
Daily bike rentals,temp,hum,0.7279109,0.8509375,4467.09063183051,50
Daily bike rentals,temp,hum,0.7279109,0.8914583333333334,4346.756023065089,50
Daily bike rentals,temp,hum,0.7279109,0.9319791666666667,4207.88945317165,50
Daily bike rentals,temp,hum,0.7279109,0.9725,4181.538146981173,50
Daily bike rentals,temp,hum,0.761349925,0,5048.200027265524,50
Daily bike rentals,temp,hum,0.761349925,0.04052083333333333,5048.200027265524,50
Daily bike rentals,temp,hum,0.761349925,0.08104166666666666,5048.200027265524,50
Daily bike rentals,temp,hum,0.761349925,0.12156249999999999,5051.555033265524,50
Daily bike rentals,temp,hum,0.761349925,0.16208333333333333,5054.14776193219,50
Daily bike rentals,temp,hum,0.761349925,0.20260416666666667,5056.63474793219,50
Daily bike rentals,temp,hum,0.761349925,0.24312499999999998,5057.243447932191,50
Daily bike rentals,temp,hum,0.761349925,0.2836458333333333,5059.038949265524,50
Daily bike rentals,temp,hum,0.761349925,0.32416666666666666,5060.986360694095,50
Daily bike rentals,temp,hum,0.761349925,0.3646875,5069.72450297981,50
Daily bike rentals,temp,hum,0.761349925,0.40520833333333334,5076.758992741714,50
Daily bike rentals,temp,hum,0.761349925,0.4457291666666667,5084.590290522378,50
Daily bike rentals,temp,hum,0.761349925,0.48624999999999996,5076.14665858567,50
Daily bike rentals,temp,hum,0.761349925,0.5267708333333333,5056.931065038408,50
Daily bike rentals,temp,hum,0.761349925,0.5672916666666666,5031.867204311551,50
Daily bike rentals,temp,hum,0.761349925,0.6078125,5026.232545002879,50
Daily bike rentals,temp,hum,0.761349925,0.6483333333333333,4998.518892116581,50
Daily bike rentals,temp,hum,0.761349925,0.6888541666666667,4962.479588801141,50
Daily bike rentals,temp,hum,0.761349925,0.729375,4924.940125937422,50
Daily bike rentals,temp,hum,0.761349925,0.7698958333333333,4813.929934397012,50
Daily bike rentals,temp,hum,0.761349925,0.8104166666666667,4714.20905758951,50
Daily bike rentals,temp,hum,0.761349925,0.8509375,4440.127487647513,50
Daily bike rentals,temp,hum,0.761349925,0.8914583333333334,4324.445578120187,50
Daily bike rentals,temp,hum,0.761349925,0.9319791666666667,4188.393840671192,50
Daily bike rentals,temp,hum,0.761349925,0.9725,4164.665139814049,50
Daily bike rentals,temp,hum,0.7947889499999999,0,4961.861253740022,50
Daily bike rentals,temp,hum,0.7947889499999999,0.04052083333333333,4961.861253740022,50
Daily bike rentals,temp,hum,0.7947889499999999,0.08104166666666666,4961.861253740022,50
Daily bike rentals,temp,hum,0.7947889499999999,0.12156249999999999,4965.216259740022,50
Daily bike rentals,temp,hum,0.7947889499999999,0.16208333333333333,4967.8089884066885,50
Daily bike rentals,temp,hum,0.7947889499999999,0.20260416666666667,4970.295974406688,50
Daily bike rentals,temp,hum,0.7947889499999999,0.24312499999999998,4970.904674406688,50
Daily bike rentals,temp,hum,0.7947889499999999,0.2836458333333333,4972.700175740022,50
Daily bike rentals,temp,hum,0.7947889499999999,0.32416666666666666,4974.423453168593,50
Daily bike rentals,temp,hum,0.7947889499999999,0.3646875,4981.662116216212,50
Daily bike rentals,temp,hum,0.7947889499999999,0.40520833333333334,4988.303240644784,50
Daily bike rentals,temp,hum,0.7947889499999999,0.4457291666666667,4994.6560508064,50
Daily bike rentals,temp,hum,0.7947889499999999,0.48624999999999996,4984.124062123659,50
Daily bike rentals,temp,hum,0.7947889499999999,0.5267708333333333,4964.235375349957,50
Daily bike rentals,temp,hum,0.7947889499999999,0.5672916666666666,4940.653042096694,50
Daily bike rentals,temp,hum,0.7947889499999999,0.6078125,4941.710051190619,50
Daily bike rentals,temp,hum,0.7947889499999999,0.6483333333333333,4914.564297256702,50
Daily bike rentals,temp,hum,0.7947889499999999,0.6888541666666667,4888.540572488414,50
Daily bike rentals,temp,hum,0.7947889499999999,0.729375,4866.206398331655,50
Daily bike rentals,temp,hum,0.7947889499999999,0.7698958333333333,4772.216781146224,50
Daily bike rentals,temp,hum,0.7947889499999999,0.8104166666666667,4679.878870224435,50
Daily bike rentals,temp,hum,0.7947889499999999,0.8509375,4414.799482051884,50
Daily bike rentals,temp,hum,0.7947889499999999,0.8914583333333334,4301.130300216436,50
Daily bike rentals,temp,hum,0.7947889499999999,0.9319791666666667,4166.554369434107,50
Daily bike rentals,temp,hum,0.7947889499999999,0.9725,4143.645048576964,50
Daily bike rentals,temp,hum,0.828227975,0,4818.767638724569,50
Daily bike rentals,temp,hum,0.828227975,0.04052083333333333,4818.767638724569,50
Daily bike rentals,temp,hum,0.828227975,0.08104166666666666,4818.767638724569,50
Daily bike rentals,temp,hum,0.828227975,0.12156249999999999,4822.122644724569,50
Daily bike rentals,temp,hum,0.828227975,0.16208333333333333,4824.7153733912355,50
Daily bike rentals,temp,hum,0.828227975,0.20260416666666667,4827.202359391235,50
Daily bike rentals,temp,hum,0.828227975,0.24312499999999998,4827.811059391235,50
Daily bike rentals,temp,hum,0.828227975,0.2836458333333333,4829.660662057902,50
Daily bike rentals,temp,hum,0.828227975,0.32416666666666666,4831.3839394864735,50
Daily bike rentals,temp,hum,0.828227975,0.3646875,4837.653240534092,50
Daily bike rentals,temp,hum,0.828227975,0.40520833333333334,4843.925087057902,50
Daily bike rentals,temp,hum,0.828227975,0.4457291666666667,4850.870584171899,50
Daily bike rentals,temp,hum,0.828227975,0.48624999999999996,4834.20736264911,50
Daily bike rentals,temp,hum,0.828227975,0.5267708333333333,4805.693934356155,50
Daily bike rentals,temp,hum,0.828227975,0.5672916666666666,4787.222675805744,50
Daily bike rentals,temp,hum,0.828227975,0.6078125,4789.666936843648,50
Daily bike rentals,temp,hum,0.828227975,0.6483333333333333,4771.7258661513515,50
Daily bike rentals,temp,hum,0.828227975,0.6888541666666667,4755.818196768345,50
Daily bike rentals,temp,hum,0.828227975,0.729375,4746.642765356175,50
Daily bike rentals,temp,hum,0.828227975,0.7698958333333333,4687.024225100543,50
Daily bike rentals,temp,hum,0.828227975,0.8104166666666667,4602.147320512087,50
Daily bike rentals,temp,hum,0.828227975,0.8509375,4349.200454968496,50
Daily bike rentals,temp,hum,0.828227975,0.8914583333333334,4241.185546799714,50
Daily bike rentals,temp,hum,0.828227975,0.9319791666666667,4110.942358112624,50
Daily bike rentals,temp,hum,0.828227975,0.9725,4088.7198552554805,50
Daily bike rentals,temp,hum,0.861667,0,4784.299833438854,50
Daily bike rentals,temp,hum,0.861667,0.04052083333333333,4784.299833438854,50
Daily bike rentals,temp,hum,0.861667,0.08104166666666666,4784.299833438854,50
Daily bike rentals,temp,hum,0.861667,0.12156249999999999,4787.654839438855,50
Daily bike rentals,temp,hum,0.861667,0.16208333333333333,4790.247568105521,50
Daily bike rentals,temp,hum,0.861667,0.20260416666666667,4792.734554105521,50
Daily bike rentals,temp,hum,0.861667,0.24312499999999998,4793.343254105521,50
Daily bike rentals,temp,hum,0.861667,0.2836458333333333,4795.192856772188,50
Daily bike rentals,temp,hum,0.861667,0.32416666666666666,4796.655423534093,50
Daily bike rentals,temp,hum,0.861667,0.3646875,4801.970878867426,50
Daily bike rentals,temp,hum,0.861667,0.40520833333333334,4808.377813391236,50
Daily bike rentals,temp,hum,0.861667,0.4457291666666667,4815.158710505232,50
Daily bike rentals,temp,hum,0.861667,0.48624999999999996,4797.468428791966,50
Daily bike rentals,temp,hum,0.861667,0.5267708333333333,4770.480436499012,50
Daily bike rentals,temp,hum,0.861667,0.5672916666666666,4753.353207440665,50
Daily bike rentals,temp,hum,0.861667,0.6078125,4756.978389478568,50
Daily bike rentals,temp,hum,0.861667,0.6483333333333333,4739.825892786272,50
Daily bike rentals,temp,hum,0.861667,0.6888541666666667,4726.743098069933,50
Daily bike rentals,temp,hum,0.861667,0.729375,4719.037914657762,50
Daily bike rentals,temp,hum,0.861667,0.7698958333333333,4665.481013259273,50
Daily bike rentals,temp,hum,0.861667,0.8104166666666667,4581.42403600415,50
Daily bike rentals,temp,hum,0.861667,0.8509375,4332.64612341294,50
Daily bike rentals,temp,hum,0.861667,0.8914583333333334,4226.409127244158,50
Daily bike rentals,temp,hum,0.861667,0.9319791666666667,4096.921378557068,50
Daily bike rentals,temp,hum,0.861667,0.9725,4074.698875699925,50
